{
    "Demographic Parity": {
        "African American": [
            0.0040060000000000096,
            -0.006256999999999985,
            0.023499999999999993,
            0.029220999999999997,
            0.029828999999999994,
            0.016202999999999995,
            0.031387,
            0.038189,
            0.0025430000000000175,
            0.016793000000000002
        ],
        "Asian": [
            0.025586000000000053,
            0.023316000000000003,
            0.03791600000000003,
            0.021807999999999994,
            0.03783900000000001,
            0.04949999999999999,
            0.03381099999999998,
            0.038759000000000016,
            0.029700999999999977,
            0.031459000000000015
        ],
        "Latin American": [
            -0.02620799999999998,
            -0.014123999999999998,
            -0.010787999999999992,
            -0.008535000000000015,
            -0.017144999999999994,
            -0.004607,
            0.007992999999999972,
            -0.01339399999999999,
            7.60000000000205e-05,
            -0.008811999999999987
        ],
        "Arab": [
            -0.03454199999999996,
            -0.028012999999999982,
            -0.048288,
            -0.016867999999999994,
            -0.04214499999999999,
            -0.029606999999999994,
            -0.04617300000000002,
            -0.030060000000000003,
            -0.04159099999999999,
            -0.06436799999999998
        ],
        "Unknown/Other": [
            -0.041343999999999964,
            -0.057831999999999995,
            -0.03162099999999998,
            -0.026051999999999992,
            -0.046567,
            -0.03777,
            -0.01998300000000003,
            -0.012032999999999988,
            -0.05451600000000001,
            -0.028199999999999975
        ]
    },
    "Equal Opportunity": {
        "African American": [
            -0.016123999999999916,
            -0.029403999999999986,
            0.0017610000000000126,
            -0.00392899999999996,
            0.02384900000000001,
            0.03170700000000004,
            0.02601600000000004,
            0.04607099999999997,
            -0.03387600000000002,
            0.01720900000000003
        ],
        "Asian": [
            0.045296,
            0.027210000000000067,
            0.08276500000000009,
            0.030698000000000003,
            0.06577500000000003,
            0.09562000000000004,
            0.043552000000000035,
            0.06609900000000002,
            0.054339000000000026,
            0.06403099999999995
        ],
        "Latin American": [
            -0.06388899999999997,
            -0.03194399999999997,
            -0.05972299999999997,
            -0.0013889999999999736,
            -0.015276999999999985,
            -0.012499999999999956,
            0.004166000000000003,
            -0.01388900000000004,
            0.03472200000000003,
            -0.009722000000000008
        ],
        "Arab": [
            -0.16507899999999998,
            -0.153968,
            -0.20555599999999996,
            -0.16507899999999998,
            -0.17301500000000003,
            -0.128571,
            -0.19523800000000002,
            -0.11507900000000004,
            -0.17063499999999998,
            -0.203175
        ],
        "Unknown/Other": [
            -0.059892999999999974,
            -0.06248100000000001,
            -0.020623999999999976,
            0.008600000000000052,
            -0.05951200000000001,
            -0.05616399999999999,
            0.014155000000000029,
            0.03120299999999998,
            -0.05175099999999999,
            0.0008369999999999767
        ]
    },
    "Predictive Parity": {
        "African American": [
            -0.09789800000000004,
            -0.091609,
            -0.12881600000000004,
            -0.12830199999999997,
            -0.11494900000000002,
            -0.09808700000000004,
            -0.117344,
            -0.11884699999999998,
            -0.10342499999999999,
            -0.09859100000000004
        ],
        "Asian": [
            0.08614,
            0.07777299999999998,
            0.08687899999999993,
            0.08320700000000003,
            0.07537300000000002,
            0.07022499999999998,
            0.06803800000000004,
            0.07274000000000003,
            0.08403800000000006,
            0.08688600000000002
        ],
        "Latin American": [
            0.06365100000000001,
            0.06407799999999997,
            0.03273199999999998,
            0.07224600000000003,
            0.08204699999999998,
            0.05847899999999995,
            0.04049500000000006,
            0.07653100000000002,
            0.07808800000000005,
            0.06582299999999996
        ],
        "Arab": [
            -0.11779400000000001,
            -0.12473600000000001,
            -0.12793200000000005,
            -0.14675,
            -0.111145,
            -0.108188,
            -0.11847999999999997,
            -0.094715,
            -0.10805899999999996,
            -0.08893900000000005
        ],
        "Unknown/Other": [
            -0.054088000000000025,
            -0.01359699999999997,
            -0.04197000000000006,
            -0.041476999999999986,
            -0.040632,
            -0.05263200000000001,
            -0.04974400000000001,
            -0.05235099999999998,
            -0.02207999999999999,
            -0.039634
        ]
    }
}