{
    "Demographic Parity": {
        "African American": [
            0.043206999999999995,
            0.014971000000000012,
            0.015291000000000027,
            0.039939,
            -0.006345999999999963,
            0.016912000000000038,
            0.02131700000000003,
            0.023594999999999977,
            -0.0023410000000000375,
            0.012405
        ],
        "Asian": [
            0.054379999999999984,
            0.032808000000000004,
            0.04060500000000003,
            0.01895600000000003,
            0.01704300000000003,
            0.03550700000000001,
            0.025336000000000025,
            0.03959800000000002,
            0.042628,
            0.021475000000000022
        ],
        "Latin American": [
            -0.037286000000000014,
            -0.02048099999999997,
            -0.029191999999999996,
            -0.031242999999999993,
            -0.043404,
            -0.03548599999999996,
            -0.022909999999999986,
            -0.009365999999999985,
            -0.007113000000000036,
            -0.03412699999999999
        ],
        "Arab": [
            -0.03450900000000001,
            -0.03298099999999998,
            -0.04169199999999998,
            -0.022909999999999986,
            -0.082293,
            -0.031318999999999986,
            -0.02846599999999999,
            -0.031588000000000005,
            -0.02239000000000002,
            -0.057737999999999984
        ],
        "Unknown/Other": [
            -0.01976899999999998,
            -0.04828699999999997,
            -0.03556999999999999,
            -0.015766999999999975,
            -0.08626099999999998,
            -0.05784999999999996,
            -0.034134,
            -0.032494999999999996,
            -0.02896600000000002,
            -0.049347999999999975
        ]
    },
    "Equal Opportunity": {
        "African American": [
            0.06477,
            0.02262900000000001,
            -0.020461000000000062,
            0.021545000000000036,
            0.003658999999999968,
            0.01476999999999995,
            0.00270999999999999,
            -0.013820999999999972,
            -0.044987,
            -0.032790999999999904
        ],
        "Asian": [
            0.043228000000000044,
            0.052270999999999956,
            0.06784199999999996,
            0.012287000000000048,
            0.01861299999999999,
            0.03702300000000003,
            0.03974,
            0.05498800000000004,
            0.043228000000000044,
            0.028629000000000016
        ],
        "Latin American": [
            -0.05972199999999994,
            0.01805599999999996,
            -0.08194500000000005,
            -0.033332999999999946,
            0.004167000000000032,
            -0.047221999999999986,
            -0.04861099999999996,
            -0.025000000000000022,
            0.04444400000000004,
            -0.01805599999999996
        ],
        "Arab": [
            -0.14603199999999994,
            -0.15158700000000003,
            -0.22777800000000004,
            -0.14047599999999993,
            -0.242857,
            -0.12460300000000002,
            -0.17063499999999998,
            -0.16190400000000005,
            -0.14603199999999994,
            -0.18174599999999996
        ],
        "Unknown/Other": [
            -0.008066999999999935,
            -0.04101900000000003,
            -0.001751000000000058,
            0.011188000000000087,
            -0.055478999999999945,
            -0.030669999999999975,
            -0.038051999999999975,
            -0.021004000000000023,
            -0.008066999999999935,
            -0.04916299999999996
        ]
    },
    "Predictive Parity": {
        "African American": [
            -0.10801099999999997,
            -0.09014700000000003,
            -0.12554300000000002,
            -0.12743799999999994,
            -0.06194000000000005,
            -0.08463500000000002,
            -0.11154199999999997,
            -0.13513100000000006,
            -0.102331,
            -0.11588700000000002
        ],
        "Asian": [
            0.03282000000000007,
            0.07696199999999997,
            0.06998599999999999,
            0.0753330000000001,
            0.07786900000000002,
            0.06277199999999994,
            0.08232499999999998,
            0.06245099999999992,
            0.05267100000000002,
            0.08180200000000004
        ],
        "Latin American": [
            0.09081300000000003,
            0.110151,
            0.06201000000000001,
            0.10039500000000001,
            0.12076399999999993,
            0.07624399999999998,
            0.06672800000000001,
            0.05942499999999995,
            0.10089199999999998,
            0.11632799999999999
        ],
        "Arab": [
            -0.10354399999999997,
            -0.10889700000000002,
            -0.15694400000000003,
            -0.12029499999999993,
            -0.086978,
            -0.08859700000000004,
            -0.130241,
            -0.12666500000000003,
            -0.12318899999999999,
            -0.085791
        ],
        "Unknown/Other": [
            -0.06381599999999993,
            -0.030636000000000052,
            -0.021081000000000016,
            -0.059977999999999976,
            0.011636999999999953,
            -0.018668000000000018,
            -0.05506699999999998,
            -0.04286400000000001,
            -0.04727999999999999,
            -0.03291499999999997
        ]
    }
}