{
    "Demographic Parity": {
        "African American": [
            0.03942699999999999,
            0.051207999999999976,
            0.02274000000000001,
            0.003168000000000004,
            0.021238000000000007
        ],
        "Asian": [
            0.014175999999999966,
            0.030206999999999984,
            0.018275999999999987,
            0.006437999999999999,
            0.013067999999999996
        ],
        "Latin American": [
            0.012122999999999995,
            0.011844999999999994,
            -0.004192000000000001,
            -0.01710700000000001,
            0.0004280000000000117
        ],
        "Arab": [
            0.09684499999999996,
            0.09378999999999998,
            0.03053000000000003,
            0.031503999999999976,
            0.008761000000000019
        ],
        "Unknown/Other": [
            0.022241999999999984,
            0.07519599999999999,
            0.021573000000000037,
            0.017331999999999986,
            0.01624400000000001
        ]
    },
    "Equal Opportunity": {
        "African American": [
            0.02479599999999993,
            0.012600999999999973,
            -0.01720900000000003,
            -0.014905000000000057,
            -0.014905000000000057
        ],
        "Asian": [
            -0.006448000000000009,
            0.00815100000000002,
            -0.001986999999999961,
            0.007704999999999962,
            0.02230399999999999
        ],
        "Latin American": [
            0.05833299999999997,
            0.03749999999999998,
            0.009722000000000008,
            -0.05555500000000002,
            -0.01388900000000004
        ],
        "Arab": [
            0.07618999999999998,
            0.040475999999999956,
            -0.08253999999999995,
            -0.07936500000000002,
            -0.15079300000000007
        ],
        "Unknown/Other": [
            0.03264800000000001,
            0.08744299999999994,
            0.060807000000000055,
            0.072299,
            0.058599999999999985
        ]
    },
    "Predictive Parity": {
        "African American": [
            -0.11925700000000006,
            -0.143499,
            -0.14125600000000005,
            -0.10617499999999996,
            -0.14356600000000003
        ],
        "Asian": [
            0.07122799999999996,
            0.05232700000000001,
            0.06720399999999993,
            0.10550100000000007,
            0.10160399999999992
        ],
        "Latin American": [
            0.06844499999999998,
            0.056188000000000016,
            0.07828999999999997,
            0.057275999999999994,
            0.04666999999999999
        ],
        "Arab": [
            -0.14975400000000005,
            -0.16833599999999999,
            -0.18307800000000002,
            -0.18719599999999997,
            -0.20200800000000002
        ],
        "Unknown/Other": [
            -0.10430000000000006,
            -0.146277,
            -0.10571700000000006,
            -0.09083599999999997,
            -0.09990900000000003
        ]
    }
}