{
    "Demographic Parity": {
        "African American": [
            0.0012710000000000221,
            -0.007678999999999991,
            -0.0033480000000000176,
            0.0004329999999999612,
            -0.009997000000000034
        ],
        "Asian": [
            0.019635000000000014,
            0.016021000000000007,
            0.022482000000000002,
            0.016436000000000006,
            0.009979000000000016
        ],
        "Latin American": [
            0.004204000000000041,
            -0.012008999999999992,
            0.004379999999999995,
            -0.02419400000000002,
            -0.022218000000000016
        ],
        "Arab": [
            -0.004128999999999994,
            -0.00923099999999999,
            -0.0011749999999999816,
            -0.004750000000000032,
            -0.020828999999999986
        ],
        "Unknown/Other": [
            -0.04290499999999997,
            -0.03598899999999999,
            -0.02385100000000001,
            -0.023004000000000024,
            -0.05427500000000002
        ]
    },
    "Equal Opportunity": {
        "African American": [
            -0.005148999999999959,
            -0.037263000000000046,
            -0.06720900000000007,
            -0.0616540000000001,
            -0.023984000000000005
        ],
        "Asian": [
            0.0025960000000000427,
            0.019262,
            -0.0008920000000000039,
            -0.009936000000000056,
            -0.006448000000000009
        ],
        "Latin American": [
            0.07361099999999998,
            0.02777699999999994,
            0.022221999999999964,
            -0.03472300000000006,
            -0.025000000000000022
        ],
        "Arab": [
            -0.10793600000000003,
            -0.12698500000000001,
            -0.13254,
            -0.19841300000000006,
            -0.138096
        ],
        "Unknown/Other": [
            -0.00030399999999997096,
            0.016361999999999988,
            -0.016589999999999994,
            -0.024734000000000034,
            -0.022146
        ]
    },
    "Predictive Parity": {
        "African American": [
            -0.08152900000000002,
            -0.08877200000000002,
            -0.11491400000000002,
            -0.12266900000000003,
            -0.07752300000000001
        ],
        "Asian": [
            0.06658399999999998,
            0.08596499999999996,
            0.060226,
            0.066577,
            0.07905600000000002
        ],
        "Latin American": [
            0.09101499999999996,
            0.09728899999999996,
            0.06115899999999996,
            0.08868900000000002,
            0.07945999999999998
        ],
        "Arab": [
            -0.11969600000000002,
            -0.128772,
            -0.14707599999999998,
            -0.18753999999999998,
            -0.1174
        ],
        "Unknown/Other": [
            -0.021316,
            -0.020967000000000013,
            -0.06307599999999997,
            -0.07025000000000003,
            -0.00942900000000002
        ]
    }
}