{
    "Demographic Parity": {
        "African American": [
            0.059719999999999995,
            0.09280000000000002,
            0.09944999999999998,
            0.099546,
            0.097723,
            0.05451,
            0.03864500000000001,
            -0.0005570000000000019,
            0.018655000000000033,
            0.030268000000000017
        ],
        "Asian": [
            -0.009921000000000013,
            -0.0010310000000000041,
            0.06569900000000001,
            0.021128000000000008,
            0.036831999999999976,
            0.07157199999999997,
            0.025662999999999964,
            0.014412000000000008,
            0.044218000000000035,
            -0.025276999999999994
        ],
        "Latin American": [
            -0.04072199999999998,
            -0.013670999999999989,
            0.029594999999999982,
            -0.03981699999999999,
            -0.0014860000000000428,
            -0.007176000000000016,
            0.01764799999999997,
            0.08705999999999997,
            -0.0004790000000000072,
            -0.056697
        ],
        "Arab": [
            -0.025444999999999995,
            0.100218,
            0.16987200000000002,
            0.047683,
            0.11240299999999998,
            0.13449099999999997,
            0.03153700000000001,
            0.12039299999999997,
            0.013410000000000033,
            0.048858999999999986
        ],
        "Unknown/Other": [
            0.0015399999999999858,
            0.03888,
            0.04277500000000001,
            0.041900999999999994,
            0.025895,
            0.04367500000000002,
            0.008294999999999997,
            0.017331999999999986,
            0.04322900000000002,
            0.024256
        ]
    },
    "Equal Opportunity": {
        "African American": [
            0.07588099999999998,
            0.06598899999999996,
            0.13374000000000008,
            0.10812999999999995,
            0.06260100000000002,
            0.05948500000000001,
            0.03387600000000002,
            -0.00270999999999999,
            0.019376999999999978,
            0.011517
        ],
        "Asian": [
            0.0032440000000000246,
            0.005637000000000003,
            0.119587,
            0.02579100000000001,
            0.03625299999999998,
            0.13069799999999998,
            0.05150100000000002,
            0.007704999999999962,
            0.041808999999999985,
            -0.024534000000000056
        ],
        "Latin American": [
            -0.04861099999999996,
            -0.07222200000000001,
            0.06666700000000003,
            -0.10833300000000001,
            -0.016666999999999987,
            -0.047221999999999986,
            0.04861099999999996,
            0.19444499999999998,
            -0.05277799999999999,
            -0.07638900000000004
        ],
        "Arab": [
            -0.13492099999999996,
            0.046825000000000006,
            0.03095300000000001,
            -0.019047000000000036,
            0.019047000000000036,
            0.07777800000000001,
            -0.07936500000000002,
            0.13492099999999996,
            -0.08253999999999995,
            -0.05555600000000005
        ],
        "Unknown/Other": [
            0.04414000000000007,
            0.09672700000000001,
            0.11118800000000006,
            0.08858500000000002,
            0.04155200000000003,
            0.09490100000000001,
            0.017503999999999964,
            0.04490099999999997,
            0.060807000000000055,
            0.0574579999999999
        ]
    },
    "Predictive Parity": {
        "African American": [
            -0.12690799999999997,
            -0.19039400000000006,
            -0.16651300000000002,
            -0.18077000000000004,
            -0.18071700000000002,
            -0.15162799999999993,
            -0.1306,
            -0.09049999999999997,
            -0.10354400000000002,
            -0.11393700000000001
        ],
        "Asian": [
            0.134054,
            0.12338299999999991,
            0.05282600000000004,
            0.08185999999999993,
            0.05651399999999995,
            0.04569000000000001,
            0.09079800000000005,
            0.08342000000000005,
            0.04587299999999994,
            0.14110599999999995
        ],
        "Latin American": [
            0.11397600000000008,
            0.031411999999999995,
            0.03859400000000002,
            0.07419500000000001,
            0.04576099999999994,
            0.034579000000000026,
            0.05284100000000003,
            0.008772000000000002,
            0.01531299999999991,
            0.12152799999999997
        ],
        "Arab": [
            -0.11329699999999998,
            -0.20052500000000006,
            -0.26988,
            -0.17194600000000004,
            -0.20652600000000004,
            -0.23208799999999996,
            -0.17658600000000002,
            -0.18922299999999997,
            -0.14531900000000003,
            -0.15921000000000002
        ],
        "Unknown/Other": [
            -0.07125999999999999,
            -0.11265200000000003,
            -0.10882200000000003,
            -0.12292700000000001,
            -0.11345500000000003,
            -0.12447599999999998,
            -0.10131000000000001,
            -0.10736499999999999,
            -0.12766900000000003,
            -0.09438100000000005
        ]
    }
}