{
    "Demographic Parity": {
        "African American": [
            0.006986999999999993,
            0.06065300000000001,
            0.02652099999999999,
            0.037924999999999986,
            0.05107799999999996,
            0.040546000000000026,
            0.06734299999999999,
            -0.008894999999999986,
            0.039578999999999975,
            0.01641699999999996
        ],
        "Asian": [
            0.027257999999999977,
            0.017288000000000026,
            0.03934299999999999,
            0.008967999999999976,
            -0.052376000000000034,
            0.034987000000000046,
            0.078988,
            -0.0032809999999999784,
            0.04649300000000001,
            -0.035680000000000045
        ],
        "Latin American": [
            -0.007351999999999997,
            -0.077568,
            0.008899999999999991,
            -0.083257,
            -0.03493200000000002,
            -0.019020999999999982,
            -0.058472000000000024,
            0.026044999999999985,
            -0.010863000000000012,
            -0.09235900000000002
        ],
        "Arab": [
            -0.040685,
            0.04743200000000003,
            0.026956000000000008,
            -0.002701999999999982,
            0.05812400000000001,
            0.10181300000000004,
            0.02625099999999997,
            0.08576699999999998,
            0.021081000000000016,
            0.02569699999999997
        ],
        "Unknown/Other": [
            0.01237599999999997,
            0.0032139999999999946,
            0.008135000000000003,
            -0.01778099999999999,
            -0.010697000000000012,
            0.022901000000000005,
            0.003347999999999962,
            -0.035775,
            0.03854099999999999,
            -0.025437000000000043
        ]
    },
    "Equal Opportunity": {
        "African American": [
            0.028455000000000008,
            0.03590699999999991,
            0.07723499999999994,
            0.03929500000000008,
            0.07249299999999992,
            0.03387600000000002,
            0.08143699999999998,
            0.036043999999999965,
            -0.08035199999999998,
            0.003794000000000075
        ],
        "Asian": [
            0.09245700000000001,
            0.004662999999999973,
            0.05596100000000004,
            -0.03325199999999995,
            -0.06833,
            0.08069799999999994,
            0.07449300000000003,
            8.20000000000265e-05,
            0.056730999999999976,
            -0.05896199999999996
        ],
        "Latin American": [
            -0.02083400000000002,
            -0.07638900000000004,
            0.08333299999999999,
            -0.23611099999999996,
            -0.09722300000000006,
            0.02777799999999997,
            -0.0013889999999999736,
            0.130556,
            0.09444399999999997,
            -0.14305599999999996
        ],
        "Arab": [
            -0.23809600000000003,
            -0.16269900000000004,
            -0.05952400000000002,
            -0.09920699999999993,
            -0.09127000000000007,
            -0.007936000000000054,
            -0.12936499999999995,
            0.07698499999999997,
            -0.203175,
            -0.003174999999999928
        ],
        "Unknown/Other": [
            0.141552,
            -0.011035000000000017,
            0.05935999999999997,
            -0.038051999999999975,
            -0.06583000000000006,
            0.04490099999999997,
            0.03599700000000006,
            -0.032115000000000005,
            0.08302900000000002,
            -0.021765999999999952
        ]
    },
    "Predictive Parity": {
        "African American": [
            -0.073521,
            -0.119178,
            -0.08337900000000004,
            -0.11401099999999997,
            -0.083841,
            -0.11624799999999996,
            -0.09643800000000002,
            -0.04011999999999999,
            -0.156721,
            -0.08936
        ],
        "Asian": [
            0.11695600000000006,
            0.06865300000000002,
            0.06065199999999993,
            0.06021300000000007,
            0.12565600000000005,
            0.09080900000000003,
            0.02804899999999999,
            0.09736999999999996,
            0.05478200000000005,
            0.11812100000000003
        ],
        "Latin American": [
            0.05147900000000005,
            0.14603499999999997,
            0.10294499999999995,
            0.052396,
            0.03304299999999999,
            0.11587199999999998,
            0.14415500000000003,
            0.08646299999999996,
            0.13520899999999997,
            0.12831400000000004
        ],
        "Arab": [
            -0.168759,
            -0.18468600000000002,
            -0.15906900000000007,
            -0.12506599999999995,
            -0.14631699999999997,
            -0.19126699999999996,
            -0.143826,
            -0.116612,
            -0.19394899999999998,
            -0.09593600000000002
        ],
        "Unknown/Other": [
            -0.026285999999999976,
            -0.09032400000000002,
            -0.07173700000000005,
            -0.08424999999999999,
            -0.09301700000000002,
            -0.097134,
            -0.06311300000000003,
            -0.048236,
            -0.08913500000000002,
            -0.05942900000000001
        ]
    }
}