{
    "Demographic Parity": {
        "African American": [
            0.020478999999999997,
            0.03235500000000002,
            0.04356700000000002,
            0.024241999999999986,
            0.01552199999999998
        ],
        "Asian": [
            0.03489500000000004,
            0.028683999999999987,
            0.02843800000000002,
            0.02667400000000003,
            0.008635000000000004
        ],
        "Latin American": [
            -0.0013089999999999768,
            0.0040030000000000066,
            -0.02016599999999999,
            -0.021311999999999998,
            -0.025515999999999983
        ],
        "Arab": [
            0.059801999999999994,
            0.04011400000000004,
            0.038167000000000006,
            0.10229900000000003,
            0.045316999999999996
        ],
        "Unknown/Other": [
            0.020460000000000006,
            0.05213200000000001,
            0.03408500000000003,
            0.04527000000000003,
            0.03239200000000003
        ]
    },
    "Equal Opportunity": {
        "African American": [
            0.01056899999999994,
            0.042683000000000026,
            0.044851000000000085,
            0.021545000000000036,
            0.012600999999999973
        ],
        "Asian": [
            0.06958699999999995,
            0.045619999999999994,
            0.045296,
            0.012287000000000048,
            -0.006448000000000009
        ],
        "Latin American": [
            0.016666999999999987,
            0.04166700000000001,
            0.040278000000000036,
            0.008334000000000064,
            -0.004167000000000032
        ],
        "Arab": [
            -0.05476199999999998,
            -0.07142899999999996,
            -0.09365099999999993,
            0.0023810000000000775,
            -0.10238100000000006
        ],
        "Unknown/Other": [
            0.07488600000000001,
            0.09931500000000004,
            0.07709300000000008,
            0.0659820000000001,
            0.03264800000000001
        ]
    },
    "Predictive Parity": {
        "African American": [
            -0.12126900000000002,
            -0.12375800000000003,
            -0.12607799999999997,
            -0.11442699999999995,
            -0.09680800000000006
        ],
        "Asian": [
            0.084364,
            0.08066099999999998,
            0.08077000000000001,
            0.06030100000000005,
            0.08278799999999997
        ],
        "Latin American": [
            0.07633299999999998,
            0.08313799999999993,
            0.137799,
            0.11802900000000005,
            0.10506199999999999
        ],
        "Arab": [
            -0.20803300000000002,
            -0.19203400000000004,
            -0.18276299999999995,
            -0.21017599999999997,
            -0.18065300000000006
        ],
        "Unknown/Other": [
            -0.09452400000000005,
            -0.13541400000000003,
            -0.10702899999999993,
            -0.13253099999999995,
            -0.11908200000000008
        ]
    }
}