{
    "Demographic Parity": {
        "African American": [
            0.03889299999999998,
            0.013980999999999993,
            0.029828999999999994,
            0.01557900000000001,
            -0.014425000000000021
        ],
        "Asian": [
            0.040523,
            0.02919000000000002,
            0.020295000000000007,
            0.024917000000000022,
            0.020974999999999966
        ],
        "Latin American": [
            -0.016414999999999985,
            -0.01339399999999999,
            -0.017144999999999994,
            -0.03325700000000001,
            -0.03169700000000003
        ],
        "Arab": [
            0.0002520000000000022,
            0.003272999999999998,
            -0.008811999999999987,
            0.019519999999999982,
            -0.012251999999999985
        ],
        "Unknown/Other": [
            0.0033129999999999826,
            0.01449700000000001,
            0.008535000000000015,
            0.0067090000000000205,
            -0.018601000000000034
        ]
    },
    "Equal Opportunity": {
        "African American": [
            0.007182000000000022,
            0.019376999999999978,
            0.05379400000000001,
            -0.02506800000000009,
            -0.060568999999999984
        ],
        "Asian": [
            0.005311999999999983,
            0.03450900000000001,
            0.06403099999999995,
            0.011961999999999917,
            -0.006448000000000009
        ],
        "Latin American": [
            -0.03194399999999997,
            -0.011110999999999982,
            0.03194399999999997,
            -0.01388900000000004,
            -0.025000000000000022
        ],
        "Arab": [
            -0.153968,
            -0.153968,
            -0.13174600000000003,
            -0.12698500000000001,
            -0.17381000000000002
        ],
        "Unknown/Other": [
            0.03341000000000005,
            0.019711000000000034,
            0.055632000000000015,
            0.030059999999999976,
            0.005251000000000006
        ]
    },
    "Predictive Parity": {
        "African American": [
            -0.145967,
            -0.10204099999999999,
            -0.09815500000000005,
            -0.12088000000000004,
            -0.09149800000000002
        ],
        "Asian": [
            0.02450399999999997,
            0.07087399999999999,
            0.11106099999999997,
            0.06460899999999992,
            0.05881400000000003
        ],
        "Latin American": [
            0.072581,
            0.083673,
            0.120421,
            0.12403599999999992,
            0.10248599999999997
        ],
        "Arab": [
            -0.174641,
            -0.181406,
            -0.13973200000000002,
            -0.17264500000000005,
            -0.15041700000000002
        ],
        "Unknown/Other": [
            -0.084677,
            -0.11387200000000003,
            -0.07476200000000005,
            -0.08910700000000005,
            -0.059289000000000036
        ]
    }
}