{
    "Demographic Parity": {
        "African American": [
            -0.018020000000000008,
            0.028254,
            0.016715000000000008,
            0.02948500000000001,
            0.044310000000000016,
            0.021125999999999978,
            0.02167600000000003,
            0.04508599999999999,
            0.005259999999999987,
            0.016944999999999988
        ],
        "Asian": [
            0.03178700000000001,
            0.020555999999999963,
            0.047900000000000026,
            0.03246099999999999,
            0.05547500000000005,
            0.04111100000000001,
            0.032885,
            0.05655400000000002,
            0.020718999999999987,
            0.03506799999999999
        ],
        "Latin American": [
            -0.030753000000000003,
            -0.017044000000000004,
            -0.014639999999999986,
            -0.017837999999999993,
            -0.022355999999999987,
            -0.029922000000000004,
            -0.022457999999999978,
            -0.029191999999999996,
            -0.030099000000000015,
            -0.027631000000000017
        ],
        "Arab": [
            -0.05436400000000002,
            -0.08093300000000003,
            -0.054916999999999994,
            -0.04422699999999999,
            -0.09457899999999997,
            -0.07853300000000002,
            -0.06690199999999999,
            -0.08058099999999999,
            -0.06482100000000002,
            -0.10679800000000003
        ],
        "Unknown/Other": [
            -0.04903500000000002,
            -0.051228000000000024,
            -0.03292200000000001,
            -0.02030399999999999,
            -0.046165999999999985,
            -0.032388,
            -0.03334199999999998,
            -0.025365,
            -0.051442000000000015,
            -0.03230800000000003
        ]
    },
    "Equal Opportunity": {
        "African American": [
            -0.05704600000000004,
            0.023711999999999955,
            0.029538999999999982,
            0.005012999999999934,
            0.021545000000000036,
            0.03495999999999999,
            0.03048799999999996,
            0.06937699999999991,
            -0.009484999999999966,
            -0.005012999999999934
        ],
        "Asian": [
            0.03864499999999993,
            0.026560999999999946,
            0.09594500000000006,
            0.06403099999999995,
            0.07068200000000002,
            0.09148500000000004,
            0.06021900000000002,
            0.09910799999999997,
            0.03244100000000005,
            0.056406999999999985
        ],
        "Latin American": [
            -0.061111000000000026,
            -0.01388900000000004,
            -0.05277799999999999,
            -0.009722000000000008,
            0.008334000000000064,
            -0.004166000000000003,
            -0.04166700000000001,
            -0.002778000000000058,
            -0.02777799999999997,
            -0.05277799999999999
        ],
        "Arab": [
            -0.22777800000000004,
            -0.19841300000000006,
            -0.21349200000000002,
            -0.203175,
            -0.17618999999999996,
            -0.16190400000000005,
            -0.142857,
            -0.17539700000000003,
            -0.206349,
            -0.22539699999999996
        ],
        "Unknown/Other": [
            -0.11134,
            0.002662999999999971,
            -0.047641000000000044,
            -0.01286200000000004,
            -0.04360699999999995,
            -0.021004000000000023,
            -0.03767100000000001,
            -0.012481000000000075,
            -0.038051999999999975,
            -0.021384999999999987
        ]
    },
    "Predictive Parity": {
        "African American": [
            -0.09115100000000004,
            -0.104651,
            -0.10832200000000003,
            -0.13757000000000003,
            -0.12257399999999996,
            -0.09861300000000006,
            -0.10196599999999995,
            -0.11774899999999994,
            -0.09372999999999998,
            -0.11548600000000003
        ],
        "Asian": [
            0.06592599999999993,
            0.08163299999999996,
            0.07058900000000001,
            0.08587800000000001,
            0.050378000000000034,
            0.08736599999999994,
            0.08176400000000006,
            0.060250000000000026,
            0.08582500000000004,
            0.07476699999999992
        ],
        "Latin American": [
            0.09862899999999997,
            0.07575799999999999,
            0.054566,
            0.09919599999999995,
            0.10246100000000002,
            0.13025699999999996,
            0.07564700000000002,
            0.13333400000000006,
            0.09921999999999997,
            0.08092699999999997
        ],
        "Arab": [
            -0.13060900000000003,
            -0.05263200000000001,
            -0.11944600000000005,
            -0.13261000000000006,
            -0.005574999999999997,
            -0.013991000000000087,
            -0.03149599999999997,
            -0.016091999999999995,
            -0.08989599999999998,
            0.01830100000000001
        ],
        "Unknown/Other": [
            -0.06498100000000007,
            0.0,
            -0.054996000000000045,
            -0.06585400000000002,
            -0.03750699999999996,
            -0.04413900000000004,
            -0.05443199999999998,
            -0.05220099999999994,
            -0.020040000000000002,
            -0.046346000000000054
        ]
    }
}