{
    "Demographic Parity": {
        "African American": [
            -0.024557999999999996,
            0.060693,
            0.007196000000000008,
            -0.0072460000000000024,
            0.023882000000000014,
            0.01749700000000004,
            0.011438000000000004,
            -0.030762999999999985,
            0.015336000000000016,
            0.00569900000000001
        ],
        "Asian": [
            -0.003976000000000007,
            0.004283000000000037,
            0.00887099999999999,
            -0.009011000000000019,
            -0.027128000000000013,
            -0.0018650000000000055,
            0.017032999999999965,
            -0.03793599999999997,
            -0.013674999999999993,
            -0.029637999999999998
        ],
        "Latin American": [
            -0.060335,
            -0.130904,
            -0.029745999999999995,
            -0.048704,
            -0.030099000000000015,
            -0.07016599999999998,
            -0.05930300000000002,
            -0.06684299999999999,
            -0.11038500000000001,
            -0.09881699999999999
        ],
        "Arab": [
            0.029941999999999996,
            0.156596,
            0.06886499999999998,
            -0.036204000000000014,
            0.040734999999999966,
            0.032611,
            0.01708599999999999,
            0.04704600000000003,
            0.00767000000000001,
            0.020628000000000035
        ],
        "Unknown/Other": [
            -0.012461,
            -0.002587999999999979,
            0.00503300000000001,
            -0.03586400000000001,
            -0.026952000000000004,
            -0.016934999999999978,
            0.005067999999999961,
            -0.07279599999999997,
            0.041569999999999996,
            -0.021435999999999955
        ]
    },
    "Equal Opportunity": {
        "African American": [
            -0.02804899999999999,
            0.126965,
            -0.043632000000000004,
            -0.01815699999999998,
            0.02506800000000009,
            0.011654000000000053,
            -0.04932199999999998,
            -0.028455000000000008,
            -0.01395600000000008,
            -0.026151000000000035
        ],
        "Asian": [
            -0.029561999999999977,
            -0.045458,
            -0.035441999999999974,
            -0.07574999999999998,
            0.0427820000000001,
            -0.02911600000000003,
            8.20000000000265e-05,
            -0.00851499999999994,
            0.008475999999999928,
            -0.08641500000000002
        ],
        "Latin American": [
            -0.19166700000000003,
            -0.07222200000000001,
            -0.13611099999999998,
            -0.14722199999999996,
            -0.02777699999999994,
            -0.119444,
            0.026388999999999996,
            -0.02083299999999999,
            -0.04444400000000004,
            -0.10694400000000004
        ],
        "Arab": [
            -0.22142900000000004,
            -0.02460300000000004,
            0.036507999999999985,
            -0.08174599999999999,
            -0.15872999999999993,
            -0.06587299999999996,
            -0.137301,
            0.023809999999999998,
            -0.08015800000000006,
            -0.115873
        ],
        "Unknown/Other": [
            0.04862999999999995,
            0.055632000000000015,
            0.11674300000000004,
            -0.11354699999999995,
            0.03158300000000003,
            -0.018417000000000017,
            -0.018417000000000017,
            -0.052510999999999974,
            0.09596699999999991,
            -0.054718000000000044
        ]
    },
    "Predictive Parity": {
        "African American": [
            -0.049296000000000006,
            -0.06284000000000001,
            -0.128643,
            -0.08635099999999996,
            -0.08974399999999999,
            -0.10205199999999998,
            -0.10695000000000005,
            -0.046348,
            -0.08130300000000001,
            -0.09385199999999999
        ],
        "Asian": [
            0.09464300000000003,
            0.045750999999999986,
            0.053996000000000044,
            0.06755700000000009,
            0.191232,
            0.08584199999999997,
            0.06270599999999998,
            0.14084100000000005,
            0.10497200000000001,
            0.08861900000000006
        ],
        "Latin American": [
            0.04529899999999998,
            0.23742199999999997,
            0.008548,
            0.06533900000000004,
            0.086169,
            0.13678900000000005,
            0.18487499999999996,
            0.13579500000000005,
            0.19513600000000003,
            0.19114800000000004
        ],
        "Arab": [
            -0.276569,
            -0.167807,
            -0.16728499999999996,
            -0.0536549999999999,
            -0.193046,
            -0.15689399999999998,
            -0.14914100000000002,
            -0.09258100000000002,
            -0.09652099999999997,
            -0.146818
        ],
        "Unknown/Other": [
            -0.03414399999999995,
            -0.04272400000000004,
            -0.03136899999999998,
            -0.10213999999999995,
            -0.07095800000000002,
            -0.073718,
            -0.09356000000000003,
            -0.014205000000000023,
            -0.06839499999999998,
            -0.08313799999999999
        ]
    }
}