{
    "Demographic Parity": {
        "African American": [
            0.0024700000000000277,
            0.04064200000000001,
            0.08107600000000001,
            0.07039800000000002,
            0.09365499999999999,
            0.034634,
            0.02551399999999998,
            -0.028450000000000003,
            -0.04019199999999998,
            0.028613999999999973
        ],
        "Asian": [
            -0.06371399999999999,
            -0.025533000000000028,
            0.047067,
            -0.010932999999999998,
            0.03145399999999998,
            0.038162,
            0.03036099999999997,
            -0.003377000000000019,
            -0.026034,
            -0.018145999999999995
        ],
        "Latin American": [
            -0.07527699999999998,
            -0.03843200000000002,
            -0.008635000000000004,
            -0.05592899999999998,
            0.0019889999999999908,
            -0.019951999999999998,
            0.03705999999999998,
            0.029557,
            -0.06516899999999998,
            -0.04575699999999999
        ],
        "Arab": [
            -0.04194399999999998,
            0.118512,
            0.216365,
            0.048238,
            0.11587799999999998,
            0.07032600000000003,
            0.06483699999999998,
            0.17955700000000002,
            -0.05822399999999997,
            0.002854000000000023
        ],
        "Unknown/Other": [
            -0.062011999999999956,
            0.02815000000000001,
            0.07044700000000001,
            0.009462000000000026,
            0.04195500000000002,
            0.03744600000000001,
            0.04590299999999997,
            0.009489000000000025,
            0.016039000000000025,
            0.010790000000000022
        ]
    },
    "Equal Opportunity": {
        "African American": [
            0.005962000000000023,
            0.05921499999999991,
            0.07601599999999997,
            0.05487799999999998,
            0.11260099999999995,
            0.060568999999999984,
            0.02167999999999992,
            -0.012736999999999998,
            -0.04281800000000002,
            0.004877999999999938
        ],
        "Asian": [
            -0.03738799999999998,
            -0.03532000000000002,
            0.04975599999999991,
            -0.005473999999999979,
            0.06435499999999994,
            0.068492,
            0.03690199999999999,
            0.02197899999999997,
            -0.051987000000000005,
            -0.04817500000000008
        ],
        "Latin American": [
            -0.040278000000000036,
            -0.02361100000000005,
            -0.008334000000000064,
            -0.145833,
            0.033332999999999946,
            -0.12083299999999997,
            0.09027799999999997,
            0.068056,
            -0.12361100000000003,
            -0.050000000000000044
        ],
        "Arab": [
            -0.13254,
            0.06269899999999995,
            0.21190399999999998,
            0.0,
            0.033332999999999946,
            -0.004761999999999933,
            -0.007936000000000054,
            0.21984199999999998,
            -0.20396800000000004,
            -0.08571400000000007
        ],
        "Unknown/Other": [
            -0.0028920000000000057,
            0.054871,
            0.160045,
            0.05821900000000002,
            0.11894899999999997,
            0.11118800000000006,
            0.072299,
            0.06377500000000003,
            0.038204000000000016,
            0.03561599999999998
        ]
    },
    "Predictive Parity": {
        "African American": [
            -0.07133,
            -0.11013299999999998,
            -0.17141900000000004,
            -0.15849700000000005,
            -0.16212899999999997,
            -0.12785600000000003,
            -0.12491999999999998,
            -0.035878000000000076,
            -0.03681200000000001,
            -0.12256499999999998
        ],
        "Asian": [
            0.19432900000000003,
            0.14052200000000004,
            0.040556999999999954,
            0.13549699999999998,
            0.087395,
            0.07174399999999992,
            0.06786199999999998,
            0.13704399999999994,
            0.12395199999999995,
            0.11227900000000002
        ],
        "Latin American": [
            0.16465499999999994,
            0.12722500000000003,
            0.073596,
            0.077021,
            0.07867299999999999,
            0.0029129999999999434,
            0.03920000000000001,
            0.041782999999999904,
            0.10855700000000001,
            0.12707200000000007
        ],
        "Arab": [
            -0.079463,
            -0.18386999999999998,
            -0.23504600000000003,
            -0.15111100000000005,
            -0.21389199999999997,
            -0.21708700000000003,
            -0.19281699999999996,
            -0.18559200000000003,
            -0.09945100000000001,
            -0.12747299999999995
        ],
        "Unknown/Other": [
            0.005351999999999968,
            -0.10579099999999997,
            -0.126504,
            -0.07906200000000002,
            -0.09998799999999997,
            -0.11375400000000002,
            -0.14054499999999998,
            -0.07438200000000006,
            -0.09516600000000003,
            -0.09175899999999998
        ]
    }
}