{
    "Demographic Parity": {
        "African American": [
            0.00406200000000001,
            0.009400999999999993,
            0.014228000000000018,
            0.008282000000000012,
            0.018735
        ],
        "Asian": [
            0.022729,
            0.023817000000000033,
            0.005771999999999999,
            0.0014120000000000243,
            -0.0025249999999999995
        ],
        "Latin American": [
            -0.013115999999999989,
            -0.004053000000000001,
            -0.030790999999999985,
            -0.03541,
            -0.02798299999999998
        ],
        "Arab": [
            -0.004782999999999982,
            0.04316900000000001,
            -0.022457999999999978,
            0.01597900000000002,
            0.048406000000000005
        ],
        "Unknown/Other": [
            -0.005802999999999975,
            0.019585999999999992,
            0.015637999999999985,
            0.027090000000000003,
            0.045911000000000035
        ]
    },
    "Equal Opportunity": {
        "African American": [
            0.012736999999999998,
            -0.006098000000000048,
            -0.00392899999999996,
            -0.01395600000000008,
            0.007045999999999997
        ],
        "Asian": [
            0.032765000000000044,
            0.03832100000000005,
            -0.020397,
            0.008475999999999928,
            -0.012002999999999986
        ],
        "Latin American": [
            0.036111000000000004,
            -0.02083299999999999,
            -0.043054999999999954,
            -0.02361100000000005,
            0.031945
        ],
        "Arab": [
            -0.07698499999999997,
            0.0,
            -0.16507899999999998,
            -0.08015800000000006,
            -0.036507999999999985
        ],
        "Unknown/Other": [
            0.02526600000000001,
            0.05821900000000002,
            0.07709300000000008,
            0.054871,
            0.08188799999999996
        ]
    },
    "Predictive Parity": {
        "African American": [
            -0.08431200000000005,
            -0.10802399999999995,
            -0.11276099999999994,
            -0.10383399999999998,
            -0.09667500000000001
        ],
        "Asian": [
            0.08314099999999991,
            0.08577400000000002,
            0.08080500000000002,
            0.11185999999999996,
            0.09590599999999999
        ],
        "Latin American": [
            0.11762299999999992,
            0.05016900000000002,
            0.100904,
            0.121448,
            0.12669400000000003
        ],
        "Arab": [
            -0.11532700000000007,
            -0.14943299999999998,
            -0.14248199999999994,
            -0.14306000000000002,
            -0.141496
        ],
        "Unknown/Other": [
            -0.07033600000000007,
            -0.09943299999999994,
            -0.08107899999999996,
            -0.105906,
            -0.10374300000000003
        ]
    }
}