{
    "Demographic Parity": {
        "African American": [
            -0.03601199999999999,
            -0.019667999999999963,
            -0.015639999999999987,
            -0.04228499999999999,
            -0.05303600000000003
        ],
        "Asian": [
            0.011906000000000028,
            -0.0007609999999999562,
            0.012836000000000014,
            0.020289999999999975,
            -0.003532000000000035
        ],
        "Latin American": [
            -0.03412699999999999,
            -0.031003999999999976,
            -0.04364299999999999,
            -0.018845,
            -0.05399000000000004
        ],
        "Arab": [
            -0.03551599999999999,
            -0.01572699999999999,
            -0.05058699999999999,
            -0.023011000000000004,
            -0.035934999999999995
        ],
        "Unknown/Other": [
            -0.037103,
            -0.04078299999999996,
            -0.04083700000000001,
            -0.015188000000000007,
            -0.06734100000000001
        ]
    },
    "Equal Opportunity": {
        "African American": [
            -0.07384900000000005,
            -0.04620599999999997,
            -0.029538999999999982,
            -0.12466100000000002,
            -0.08943100000000004
        ],
        "Asian": [
            -0.009936000000000056,
            -0.02137100000000003,
            0.009894999999999987,
            0.044200999999999935,
            -0.023113999999999968
        ],
        "Latin American": [
            0.00694399999999995,
            0.036111000000000004,
            0.05277799999999999,
            -0.01388900000000004,
            -0.02083299999999999
        ],
        "Arab": [
            -0.09127000000000007,
            -0.088889,
            -0.179365,
            -0.186508,
            -0.08333299999999999
        ],
        "Unknown/Other": [
            -0.024734000000000034,
            -0.04436799999999996,
            -0.00030399999999997096,
            0.017503999999999964,
            -0.07990799999999998
        ]
    },
    "Predictive Parity": {
        "African American": [
            -0.06356800000000001,
            -0.07359299999999996,
            -0.07017499999999999,
            -0.08395399999999997,
            -0.04494100000000001
        ],
        "Asian": [
            0.07404500000000003,
            0.08706000000000008,
            0.08315799999999995,
            0.09795399999999999,
            0.09095599999999998
        ],
        "Latin American": [
            0.13943399999999995,
            0.13660600000000006,
            0.179825,
            0.09529100000000001,
            0.149148
        ],
        "Arab": [
            -0.06703800000000004,
            -0.09403399999999995,
            -0.09553800000000001,
            -0.161603,
            -0.06162500000000004
        ],
        "Unknown/Other": [
            -0.042591000000000045,
            -0.05086599999999997,
            -0.025303999999999993,
            -0.055309,
            -0.024094000000000004
        ]
    }
}