{
    "Demographic Parity": {
        "African American": [
            0.015313999999999994,
            0.0013279999999999959,
            -0.003155999999999992,
            0.0012320000000000109,
            -0.0034600000000000186,
            0.0010799999999999699,
            -0.0030050000000000354,
            -2.2000000000022002e-05,
            0.0038940000000000086,
            -0.010587999999999986
        ],
        "Asian": [
            0.01904699999999998,
            0.010398000000000018,
            0.013087000000000015,
            0.01350100000000004,
            0.018627999999999978,
            0.032221,
            0.018289999999999973,
            0.02315299999999998,
            0.020137000000000016,
            0.0040959999999999885
        ],
        "Latin American": [
            -0.02812199999999998,
            -0.0035370000000000124,
            -0.034441,
            -0.03412699999999999,
            -0.03430300000000003,
            -0.00697399999999998,
            -0.003261000000000014,
            -0.01773600000000003,
            -0.010724999999999985,
            -0.030513999999999986
        ],
        "Arab": [
            -0.036455000000000015,
            -0.029926000000000008,
            -0.05110799999999999,
            -0.029959999999999987,
            -0.032914,
            -0.04864099999999999,
            -0.05465000000000003,
            -0.071903,
            -0.044057999999999986,
            -0.041624999999999995
        ],
        "Unknown/Other": [
            -0.05618300000000001,
            -0.052261,
            -0.060291999999999984,
            -0.04730699999999999,
            -0.07248300000000002,
            -0.049321000000000004,
            -0.052155000000000035,
            -0.049454,
            -0.06140499999999999,
            -0.06792899999999999
        ]
    },
    "Equal Opportunity": {
        "African American": [
            0.036991999999999914,
            -0.018428,
            -0.02290000000000003,
            -0.02506800000000009,
            -0.010704999999999965,
            -0.02506800000000009,
            -0.029538999999999982,
            -0.01395600000000008,
            -0.010704999999999965,
            -0.05162599999999995
        ],
        "Asian": [
            0.00815100000000002,
            0.013707000000000025,
            -0.01755899999999999,
            -0.0026360000000000827,
            -0.010260000000000047,
            0.019262,
            0.009894999999999987,
            0.015774999999999983,
            -0.01755899999999999,
            -0.009609999999999896
        ],
        "Latin American": [
            -0.004167000000000032,
            0.06388899999999997,
            -0.036111000000000004,
            -0.03472300000000006,
            -0.015278000000000014,
            0.00694399999999995,
            0.031945,
            -0.0027770000000000294,
            0.026388999999999996,
            -0.054165999999999936
        ],
        "Arab": [
            -0.17381000000000002,
            -0.13254,
            -0.184921,
            -0.19841300000000006,
            -0.14920699999999998,
            -0.16269900000000004,
            -0.179365,
            -0.18730100000000005,
            -0.14920699999999998,
            -0.17618999999999996
        ],
        "Unknown/Other": [
            -0.035845000000000016,
            -0.0028920000000000057,
            -0.074353,
            -0.03843300000000005,
            -0.060655000000000014,
            -0.03843300000000005,
            -0.027700999999999976,
            -0.04101900000000003,
            -0.074353,
            -0.08470299999999997
        ]
    },
    "Predictive Parity": {
        "African American": [
            -0.07901499999999995,
            -0.09117700000000001,
            -0.08582800000000002,
            -0.097742,
            -0.07816899999999999,
            -0.096804,
            -0.08951100000000001,
            -0.09127400000000002,
            -0.091524,
            -0.09699199999999997
        ],
        "Asian": [
            0.07103399999999999,
            0.09269399999999994,
            0.06512399999999996,
            0.07624299999999995,
            0.059975,
            0.05574699999999999,
            0.07454800000000006,
            0.07036999999999993,
            0.05317799999999995,
            0.09278399999999998
        ],
        "Latin American": [
            0.10253700000000004,
            0.10350599999999999,
            0.095422,
            0.10553599999999996,
            0.10825099999999999,
            0.073052,
            0.07914900000000002,
            0.09332099999999999,
            0.09266699999999994,
            0.08683200000000002
        ],
        "Arab": [
            -0.11337199999999997,
            -0.10093500000000005,
            -0.09832799999999997,
            -0.14380500000000002,
            -0.10399399999999998,
            -0.08928600000000003,
            -0.089225,
            -0.05740800000000007,
            -0.08805200000000002,
            -0.11316799999999999
        ],
        "Unknown/Other": [
            -0.01729799999999998,
            -0.0009160000000000279,
            -0.03222599999999998,
            -0.03035500000000002,
            -0.0005209999999999937,
            -0.026629000000000014,
            -0.018976999999999966,
            -0.025043000000000037,
            -0.02781800000000001,
            -0.00691799999999998
        ]
    }
}