{
    "Demographic Parity": {
        "African American": [
            0.020349000000000006,
            0.009232000000000018,
            -0.009541999999999995,
            0.006420000000000037,
            -0.0068809999999999705,
            -0.0005740000000000189,
            -0.010988000000000026,
            -0.010797000000000001,
            0.01270899999999997,
            0.006498000000000004
        ],
        "Asian": [
            0.014512999999999998,
            0.022820000000000007,
            0.006452000000000013,
            0.015766000000000002,
            0.024251000000000023,
            0.034567000000000014,
            0.019118999999999997,
            0.012913000000000008,
            0.03666799999999998,
            0.0041100000000000025
        ],
        "Latin American": [
            -0.02308699999999997,
            -0.005828,
            -0.020342000000000027,
            -0.022909999999999986,
            -0.02194099999999999,
            -0.00020100000000000673,
            -0.027631000000000017,
            -0.012286000000000019,
            0.007400999999999991,
            -0.025415999999999994
        ],
        "Arab": [
            -0.01475399999999999,
            -0.029438999999999993,
            -0.020342000000000027,
            -0.011799000000000004,
            -0.017774999999999985,
            -0.016867999999999994,
            -0.023465000000000014,
            -0.040064000000000016,
            -0.014821000000000029,
            -0.05458200000000002
        ],
        "Unknown/Other": [
            -0.03686299999999998,
            -0.050300999999999985,
            -0.056397,
            -0.046378999999999976,
            -0.07049599999999998,
            -0.038297,
            -0.04251200000000002,
            -0.048340999999999995,
            -0.041238,
            -0.06614700000000001
        ]
    },
    "Equal Opportunity": {
        "African American": [
            0.036991999999999914,
            0.011517,
            -0.02506800000000009,
            -0.02506800000000009,
            -0.023984000000000005,
            -0.026151000000000035,
            -0.05162599999999995,
            -0.019512000000000085,
            0.011517,
            0.01029800000000003
        ],
        "Asian": [
            0.015449999999999964,
            0.026560999999999946,
            0.011961999999999917,
            -0.0026360000000000827,
            0.0008509999999999351,
            0.015774999999999983,
            0.012287000000000048,
            0.010218999999999978,
            0.019262,
            -0.008840999999999988
        ],
        "Latin American": [
            0.01666599999999996,
            0.00694399999999995,
            -0.01388900000000004,
            -0.03472300000000006,
            0.01666599999999996,
            -0.0027770000000000294,
            -0.054165999999999936,
            0.012499999999999956,
            0.02777699999999994,
            -0.0013889999999999736
        ],
        "Arab": [
            -0.138096,
            -0.12698500000000001,
            -0.09127000000000007,
            -0.16269900000000004,
            -0.10238100000000006,
            -0.15158700000000003,
            -0.14047599999999993,
            -0.12142900000000001,
            -0.12698500000000001,
            -0.17698499999999995
        ],
        "Unknown/Other": [
            0.005251000000000006,
            -0.024734000000000034,
            -0.03843300000000005,
            -0.05213100000000004,
            -0.04954400000000003,
            -0.02732100000000004,
            -0.04360699999999995,
            0.008218999999999976,
            -0.03843300000000005,
            -0.06103499999999995
        ]
    },
    "Predictive Parity": {
        "African American": [
            -0.08726499999999998,
            -0.088316,
            -0.07924199999999998,
            -0.10838799999999993,
            -0.08024700000000001,
            -0.09906399999999999,
            -0.09839600000000004,
            -0.07541199999999998,
            -0.09693900000000005,
            -0.07934999999999998
        ],
        "Asian": [
            0.08501099999999995,
            0.07830700000000002,
            0.09992400000000001,
            0.07268000000000008,
            0.05738099999999996,
            0.04767900000000003,
            0.07711699999999999,
            0.08670100000000003,
            0.04733399999999999,
            0.085868
        ],
        "Latin American": [
            0.10943899999999995,
            0.06972299999999998,
            0.084978,
            0.08161200000000002,
            0.10537599999999997,
            0.054127000000000036,
            0.08342300000000002,
            0.08951900000000002,
            0.059037999999999924,
            0.09470600000000001
        ],
        "Arab": [
            -0.12407299999999999,
            -0.09932400000000002,
            -0.09210499999999999,
            -0.15207599999999993,
            -0.09948200000000001,
            -0.13962299999999994,
            -0.12437000000000004,
            -0.07799600000000001,
            -0.12494200000000005,
            -0.086926
        ],
        "Unknown/Other": [
            -0.027872000000000008,
            -0.016715000000000035,
            -0.013197000000000014,
            -0.03955999999999993,
            0.003935999999999995,
            -0.039622999999999964,
            -0.038654999999999995,
            0.0022680000000000478,
            -0.042240000000000055,
            -0.01875899999999997
        ]
    }
}