{
    "Demographic Parity": {
        "African American": [
            -0.0008940000000000059,
            0.058257,
            0.09407199999999996,
            0.06163799999999997,
            0.08594300000000005,
            0.06241499999999997,
            0.046797000000000005,
            0.018121000000000026,
            -0.013417999999999985,
            0.026958999999999955
        ],
        "Asian": [
            -0.033835000000000004,
            -0.021755999999999998,
            0.04731199999999999,
            -0.012779000000000013,
            0.009637000000000007,
            0.048907000000000006,
            0.005097999999999991,
            -0.010773999999999978,
            -0.003536999999999957,
            -0.018990000000000035
        ],
        "Latin American": [
            -0.058157000000000014,
            -0.02693899999999999,
            0.023867,
            -0.035965000000000025,
            -0.0012079999999999869,
            -0.013633000000000006,
            -0.03120600000000001,
            0.050151,
            -0.051522999999999985,
            -0.04731900000000003
        ],
        "Arab": [
            -0.04704600000000003,
            0.061950000000000005,
            0.17386699999999997,
            0.09875799999999996,
            0.054347000000000034,
            0.06831200000000001,
            0.045183,
            0.12237300000000001,
            -0.05568999999999996,
            0.0012919999999999598
        ],
        "Unknown/Other": [
            -0.03672800000000004,
            0.03326499999999999,
            0.051758,
            0.01871199999999995,
            0.03416600000000003,
            0.03543199999999999,
            0.02159999999999998,
            0.016137000000000012,
            0.00689500000000004,
            -0.008799000000000001
        ]
    },
    "Equal Opportunity": {
        "African American": [
            -0.004064999999999985,
            0.030351999999999935,
            0.11598900000000001,
            0.05704600000000004,
            0.048102999999999896,
            0.11273699999999998,
            0.011654000000000053,
            -0.017073000000000005,
            -0.06612399999999996,
            0.0016260000000000163
        ],
        "Asian": [
            -0.07420899999999997,
            -0.051987000000000005,
            0.05563700000000005,
            -0.04229499999999997,
            -0.07562900000000006,
            0.11086699999999994,
            0.014680000000000026,
            -0.04306599999999994,
            -0.03390099999999996,
            -0.051339000000000024
        ],
        "Latin American": [
            -0.10416599999999998,
            -0.040278000000000036,
            0.040278000000000036,
            -0.08472199999999996,
            0.00694399999999995,
            -0.05138900000000002,
            -0.098611,
            0.09166700000000005,
            -0.05138900000000002,
            -0.120834
        ],
        "Arab": [
            -0.19047599999999998,
            -0.061111000000000026,
            0.13254,
            0.08492100000000002,
            -0.09127000000000007,
            0.05872999999999995,
            -0.06587299999999996,
            0.050000000000000044,
            -0.21507900000000002,
            -0.12380999999999998
        ],
        "Unknown/Other": [
            0.002283000000000035,
            0.024505,
            0.13302900000000006,
            0.06339400000000006,
            0.030059999999999976,
            0.138965,
            0.07747400000000004,
            0.06712300000000004,
            0.027093000000000034,
            0.06894900000000004
        ]
    },
    "Predictive Parity": {
        "African American": [
            -0.078075,
            -0.14757599999999998,
            -0.19124599999999997,
            -0.14743699999999998,
            -0.17669199999999996,
            -0.13580100000000006,
            -0.15628299999999995,
            -0.14160299999999998,
            -0.09676000000000001,
            -0.12579300000000004
        ],
        "Asian": [
            0.11445500000000003,
            0.11909100000000006,
            0.03738600000000003,
            0.10849700000000007,
            0.02960000000000007,
            0.08083999999999991,
            0.11294800000000005,
            0.11162700000000003,
            0.087673,
            0.11412299999999997
        ],
        "Latin American": [
            0.09313699999999997,
            0.085758,
            0.02884600000000004,
            0.07754400000000006,
            0.06426200000000004,
            0.04971300000000001,
            0.05412400000000006,
            0.007703000000000015,
            0.133444,
            0.09973100000000001
        ],
        "Arab": [
            -0.107217,
            -0.18664699999999995,
            -0.26282099999999997,
            -0.17009799999999997,
            -0.20028499999999994,
            -0.167308,
            -0.18833399999999995,
            -0.24178499999999997,
            -0.11091699999999999,
            -0.13062900000000005
        ],
        "Unknown/Other": [
            -0.031548999999999994,
            -0.12959299999999996,
            -0.12740399999999996,
            -0.093246,
            -0.13295099999999999,
            -0.08397500000000002,
            -0.09218099999999996,
            -0.09481899999999999,
            -0.08809299999999998,
            -0.03894900000000001
        ]
    }
}