{
    "Demographic Parity": {
        "African American": [
            -0.020259000000000027,
            0.053317999999999977,
            0.026441999999999993,
            -0.011139999999999983,
            0.03391900000000003,
            0.027223999999999998,
            0.028461000000000014,
            -0.06245900000000004,
            -0.013001999999999986,
            0.009687999999999974
        ],
        "Asian": [
            -0.019404000000000032,
            0.016359000000000012,
            0.033453999999999984,
            -0.017983,
            -0.04213699999999998,
            0.013993000000000005,
            0.07553300000000002,
            -0.024930000000000008,
            -0.013197999999999988,
            -0.01419999999999999
        ],
        "Latin American": [
            -0.030967000000000022,
            -0.07638400000000001,
            -0.009428999999999993,
            -0.037978999999999985,
            0.009616999999999987,
            -0.06078799999999998,
            -0.035272,
            -0.03434000000000004,
            -0.025478999999999974,
            -0.06645300000000001
        ],
        "Arab": [
            0.019032999999999967,
            0.04583799999999999,
            0.047516,
            -0.025478999999999974,
            0.03739500000000001,
            0.035045999999999994,
            -0.010272000000000003,
            0.08232699999999998,
            -0.06436799999999998,
            0.015490999999999977
        ],
        "Unknown/Other": [
            -0.03811000000000003,
            0.008989999999999998,
            0.04830899999999999,
            -0.03432199999999999,
            -0.005689,
            -0.02753899999999998,
            0.018979000000000024,
            -0.06903400000000004,
            0.006494,
            -0.005483999999999989
        ]
    },
    "Equal Opportunity": {
        "African American": [
            -0.03929500000000008,
            0.05704600000000004,
            0.04972900000000002,
            -0.04607099999999997,
            -0.02506800000000009,
            0.051760999999999946,
            -0.070461,
            -0.05487799999999998,
            -0.06585399999999997,
            -0.03387600000000002
        ],
        "Asian": [
            0.015004000000000017,
            -0.020397,
            0.026317999999999953,
            -0.06974899999999995,
            -0.031833,
            0.008677999999999964,
            0.03244100000000005,
            -0.020073000000000008,
            -0.06496399999999991,
            -0.011355000000000004
        ],
        "Latin American": [
            0.006944999999999979,
            -0.12638899999999997,
            -0.11388900000000002,
            -0.17361099999999996,
            -0.18055600000000005,
            -0.11388900000000002,
            -0.06944499999999998,
            0.0,
            0.07083300000000003,
            -0.13194499999999998
        ],
        "Arab": [
            -0.11507900000000004,
            -0.05793599999999999,
            -0.10793600000000003,
            -0.27777799999999997,
            -0.05555600000000005,
            -0.04841300000000004,
            -0.09920699999999993,
            -0.10714299999999999,
            -0.30714299999999994,
            -0.13492099999999996
        ],
        "Unknown/Other": [
            0.08599699999999999,
            -0.03249599999999997,
            0.15380499999999997,
            -0.14764100000000002,
            -0.07952900000000007,
            -0.011720000000000064,
            0.04414000000000007,
            -0.010274000000000005,
            -0.042466000000000004,
            0.0030440000000000467
        ]
    },
    "Predictive Parity": {
        "African American": [
            -0.06594999999999995,
            -0.112072,
            -0.11596000000000001,
            -0.09361900000000001,
            -0.11058599999999996,
            -0.095777,
            -0.15543199999999996,
            -0.016216000000000008,
            -0.096333,
            -0.11186699999999994
        ],
        "Asian": [
            0.14990400000000004,
            0.05326499999999995,
            0.036521000000000026,
            0.09763699999999997,
            0.13785100000000006,
            0.07786599999999999,
            -0.006828999999999974,
            0.10883700000000002,
            0.07466299999999998,
            0.1271150000000001
        ],
        "Latin American": [
            0.11738300000000002,
            0.11849099999999996,
            -0.038834000000000035,
            0.002423000000000064,
            -0.071851,
            0.12110299999999996,
            0.07711600000000007,
            0.09337299999999998,
            0.17044200000000004,
            0.10242800000000007
        ],
        "Arab": [
            -0.15113499999999996,
            -0.14979399999999998,
            -0.258346,
            -0.211414,
            -0.12017,
            -0.15887600000000002,
            -0.11325799999999997,
            -0.16662700000000003,
            -0.17598599999999998,
            -0.16579199999999994
        ],
        "Unknown/Other": [
            0.02984800000000004,
            -0.11279800000000001,
            -0.10220499999999999,
            -0.12656499999999998,
            -0.105823,
            -0.04304300000000005,
            -0.12978099999999998,
            0.008757999999999988,
            -0.12104100000000001,
            -0.08004199999999995
        ]
    }
}