{
    "Demographic Parity": {
        "African American": [
            -0.023567000000000005,
            -0.0010290000000000021,
            -0.017694000000000043,
            -0.0025319999999999787,
            -0.02307200000000001,
            -0.019994000000000012,
            -0.004962000000000022,
            0.00394899999999998,
            -0.02168199999999998,
            -0.014673000000000047
        ],
        "Asian": [
            0.01718799999999998,
            0.02055100000000004,
            0.006282999999999983,
            0.020126000000000033,
            0.024579000000000018,
            0.029528,
            0.026179000000000008,
            0.014088999999999963,
            0.0020100000000000118,
            0.010898999999999992
        ],
        "Latin American": [
            -0.017421999999999993,
            -0.014577000000000007,
            -0.03815500000000002,
            -0.030790999999999985,
            -0.03138200000000002,
            -0.023602000000000012,
            -0.017183000000000004,
            -0.005967,
            -0.03718499999999997,
            -0.03930000000000003
        ],
        "Arab": [
            -0.050754999999999995,
            -0.03957699999999997,
            -0.061766000000000015,
            -0.03356899999999999,
            -0.05221500000000001,
            -0.07499100000000003,
            -0.038015999999999994,
            -0.053189000000000014,
            -0.03996299999999997,
            -0.053189000000000014
        ],
        "Unknown/Other": [
            -0.028305999999999998,
            -0.042297999999999975,
            -0.05133500000000002,
            -0.03334199999999998,
            -0.04847400000000002,
            -0.03644200000000003,
            -0.030872999999999984,
            -0.04015100000000002,
            -0.046879000000000004,
            -0.058518000000000014
        ]
    },
    "Equal Opportunity": {
        "African American": [
            -0.029403999999999986,
            -0.032790999999999904,
            -0.019512000000000085,
            0.007182000000000022,
            -0.03387600000000002,
            -0.04715499999999995,
            -0.043902,
            -0.012873000000000023,
            -0.028455000000000008,
            -0.0616540000000001
        ],
        "Asian": [
            0.019911000000000012,
            0.028629000000000016,
            -0.01897800000000005,
            0.04910800000000004,
            0.017842000000000025,
            0.03625299999999998,
            0.024818000000000007,
            0.004662999999999973,
            -0.00851499999999994,
            0.004662999999999973
        ],
        "Latin American": [
            -0.03194399999999997,
            0.02361100000000005,
            -0.029167000000000054,
            -0.07361099999999998,
            -0.02777799999999997,
            -0.058334,
            0.012499999999999956,
            0.04861099999999996,
            -0.02083299999999999,
            -0.03472300000000006
        ],
        "Arab": [
            -0.22539699999999996,
            -0.25317499999999993,
            -0.22857100000000008,
            -0.08253999999999995,
            -0.17063499999999998,
            -0.302381,
            -0.15714300000000003,
            -0.19841300000000006,
            -0.15476199999999996,
            -0.16269900000000004
        ],
        "Unknown/Other": [
            0.03341000000000005,
            -0.03546399999999994,
            -0.005479000000000012,
            -0.007685999999999971,
            -0.05175099999999999,
            -0.026940999999999993,
            -0.005479000000000012,
            -0.024734000000000034,
            -0.011414999999999953,
            -0.05213100000000004
        ]
    },
    "Predictive Parity": {
        "African American": [
            -0.05839800000000006,
            -0.09932700000000005,
            -0.06308600000000003,
            -0.07613500000000001,
            -0.062223999999999946,
            -0.07780100000000001,
            -0.09560199999999996,
            -0.09487599999999996,
            -0.060794000000000015,
            -0.09314
        ],
        "Asian": [
            0.086704,
            0.08471099999999998,
            0.07727399999999995,
            0.102248,
            0.06804600000000005,
            0.07166800000000006,
            0.07010700000000003,
            0.080287,
            0.08973300000000001,
            0.08684400000000003
        ],
        "Latin American": [
            0.07479899999999995,
            0.105047,
            0.11648099999999995,
            0.07174099999999994,
            0.10723400000000005,
            0.06838100000000003,
            0.096503,
            0.101499,
            0.10703800000000002,
            0.11821800000000005
        ],
        "Arab": [
            -0.13353400000000004,
            -0.16684200000000005,
            -0.11063800000000001,
            -0.06437000000000004,
            -0.08844799999999997,
            -0.14355099999999998,
            -0.10349699999999995,
            -0.10507899999999998,
            -0.09611599999999998,
            -0.08068899999999996
        ],
        "Unknown/Other": [
            -0.01809100000000008,
            -0.03725900000000004,
            -0.0018660000000000343,
            -0.03478300000000001,
            -0.03360399999999997,
            -0.04036699999999993,
            -0.043179999999999996,
            -0.03666199999999997,
            -0.022332999999999992,
            -0.015125999999999973
        ]
    }
}