{
    "Demographic Parity": {
        "African American": [
            0.055844000000000005,
            0.066409,
            0.071461,
            0.08871600000000002,
            0.11233399999999999,
            0.06315700000000002,
            0.036631000000000025,
            0.038493,
            0.014874999999999972,
            0.037109
        ],
        "Asian": [
            -0.008745000000000003,
            -0.01999200000000001,
            0.04782200000000003,
            0.0025820000000000287,
            0.049331000000000014,
            0.04723499999999997,
            0.022054000000000018,
            0.006104999999999999,
            0.031127000000000016,
            -0.028549999999999964
        ],
        "Latin American": [
            -0.005236000000000018,
            -0.02579300000000001,
            0.012336000000000014,
            -0.076624,
            0.01091399999999998,
            -0.011657,
            0.003133999999999998,
            0.07813399999999998,
            -0.009402999999999995,
            -0.06475399999999998
        ],
        "Arab": [
            -0.016347,
            0.108929,
            0.10677999999999999,
            -0.005790999999999991,
            0.10674699999999998,
            0.09667599999999998,
            0.007301000000000002,
            0.19063400000000003,
            0.022540999999999978,
            0.04635699999999998
        ],
        "Unknown/Other": [
            0.011770000000000003,
            0.048611000000000015,
            0.03172400000000003,
            0.023801000000000017,
            0.044842999999999966,
            0.040893999999999986,
            0.004239999999999994,
            0.012402999999999997,
            0.036260000000000014,
            0.012116999999999989
        ]
    },
    "Equal Opportunity": {
        "African American": [
            0.034823999999999966,
            0.03590699999999991,
            0.08929500000000001,
            0.09810299999999994,
            0.147019,
            0.08712700000000007,
            0.05162599999999995,
            0.01056899999999994,
            -0.03834599999999999,
            -0.006233000000000044
        ],
        "Asian": [
            -0.028021000000000074,
            -0.031833,
            0.06784199999999996,
            -0.00373100000000004,
            0.08657800000000004,
            0.10466300000000006,
            0.057055999999999996,
            0.018491999999999953,
            0.015774999999999983,
            -0.04468800000000006
        ],
        "Latin American": [
            0.01805599999999996,
            -0.01388900000000004,
            -0.019445000000000046,
            -0.17222300000000001,
            0.09722300000000006,
            -0.03888899999999995,
            0.054165999999999936,
            0.09999999999999998,
            -0.02361100000000005,
            -0.10277800000000004
        ],
        "Arab": [
            -0.18730100000000005,
            -0.019842000000000026,
            -0.049207,
            -0.112699,
            0.05555600000000005,
            0.04444400000000004,
            -0.07381000000000004,
            0.159524,
            -0.08015800000000006,
            -0.09682500000000005
        ],
        "Unknown/Other": [
            0.027474,
            0.04375899999999999,
            0.09414,
            0.06636200000000003,
            0.08637800000000007,
            0.10266300000000006,
            0.050455999999999945,
            0.07488600000000001,
            0.027474,
            0.010807000000000011
        ]
    },
    "Predictive Parity": {
        "African American": [
            -0.14326600000000006,
            -0.15599200000000002,
            -0.15147100000000008,
            -0.15705500000000006,
            -0.17643500000000006,
            -0.13669899999999996,
            -0.11527000000000004,
            -0.14374400000000004,
            -0.12703300000000006,
            -0.12657599999999997
        ],
        "Asian": [
            0.106734,
            0.12872399999999995,
            0.05385399999999996,
            0.10036899999999993,
            0.06294099999999991,
            0.08317000000000008,
            0.10328399999999993,
            0.11253799999999992,
            0.05458099999999999,
            0.13989300000000005
        ],
        "Latin American": [
            0.07974499999999995,
            0.10136800000000001,
            0.011581999999999981,
            0.11573,
            0.11111099999999996,
            0.052167000000000074,
            0.09184899999999996,
            -0.028237000000000068,
            0.057671999999999946,
            0.1139
        ],
        "Arab": [
            -0.16006500000000007,
            -0.207297,
            -0.20024600000000004,
            -0.13543300000000003,
            -0.20555600000000007,
            -0.19042599999999998,
            -0.13527,
            -0.22720500000000005,
            -0.15227200000000002,
            -0.17066199999999998
        ],
        "Unknown/Other": [
            -0.09797500000000003,
            -0.13649,
            -0.10054000000000007,
            -0.09747700000000004,
            -0.12698500000000007,
            -0.10660199999999997,
            -0.07246000000000002,
            -0.07571800000000006,
            -0.13227900000000004,
            -0.09850599999999998
        ]
    }
}