{
    "Demographic Parity": {
        "African American": [
            0.025002000000000024,
            0.05061700000000002,
            0.0020469999999999655,
            0.005508000000000013,
            0.04094599999999998,
            0.054988999999999955,
            0.07338499999999998,
            0.009160000000000001,
            0.045891000000000015,
            -0.010621999999999965
        ],
        "Asian": [
            0.014417000000000013,
            0.030703000000000036,
            0.025498999999999994,
            0.008466000000000029,
            -0.003960000000000019,
            0.012995999999999952,
            0.06429699999999999,
            0.002770999999999968,
            -0.019552999999999987,
            -0.03693399999999997
        ],
        "Latin American": [
            -0.01957399999999998,
            -0.025615999999999972,
            -0.00263100000000005,
            -0.051661999999999986,
            0.023930000000000007,
            -0.05422900000000003,
            -0.006596000000000046,
            0.002153000000000016,
            -0.07114799999999999,
            -0.09253599999999998
        ],
        "Arab": [
            0.04014800000000002,
            0.06743900000000003,
            0.04320199999999996,
            -0.05721699999999999,
            0.08365299999999998,
            0.05132599999999998,
            -0.02881900000000004,
            0.114653,
            0.0010749999999999926,
            0.02274200000000004
        ],
        "Unknown/Other": [
            0.024728000000000028,
            0.0023600000000000287,
            -0.005778000000000005,
            -0.027851999999999988,
            -0.0065970000000000195,
            0.002572999999999992,
            0.017552999999999985,
            -0.03126499999999999,
            0.010825000000000029,
            -0.05061399999999999
        ]
    },
    "Equal Opportunity": {
        "African American": [
            0.020595999999999948,
            0.018293000000000004,
            0.0017610000000000126,
            -0.009484999999999966,
            -0.03265600000000002,
            0.038210999999999995,
            0.09701899999999997,
            0.05921499999999991,
            -0.020595999999999948,
            -0.030623000000000067
        ],
        "Asian": [
            0.04071399999999992,
            0.0018249999999999655,
            0.03897000000000006,
            0.0032440000000000246,
            0.03864499999999993,
            -0.00024400000000002198,
            0.036578,
            -0.02072099999999999,
            -0.02976499999999993,
            -0.04468800000000006
        ],
        "Latin American": [
            -0.16944400000000004,
            0.0,
            0.06527700000000003,
            -0.15277799999999997,
            -0.08194500000000005,
            -0.16249999999999998,
            0.068056,
            0.01805599999999996,
            -0.01805599999999996,
            -0.14444400000000002
        ],
        "Arab": [
            -0.03254000000000001,
            -0.10714299999999999,
            -0.026984999999999926,
            -0.24206399999999995,
            -0.08492100000000002,
            -0.12380999999999998,
            -0.10158699999999998,
            -0.008730000000000016,
            -0.07460299999999997,
            -0.09682500000000005
        ],
        "Unknown/Other": [
            0.08340999999999998,
            -0.03767100000000001,
            0.04786900000000005,
            -0.106545,
            -0.12503799999999998,
            -0.026940999999999993,
            0.09117200000000003,
            -0.08211500000000005,
            0.01933000000000007,
            -0.09878200000000004
        ]
    },
    "Predictive Parity": {
        "African American": [
            -0.11005599999999999,
            -0.149451,
            -0.08077299999999998,
            -0.09085399999999999,
            -0.145899,
            -0.135868,
            -0.093501,
            -0.05105100000000001,
            -0.11038600000000004,
            -0.070888
        ],
        "Asian": [
            0.10602299999999998,
            0.041822000000000026,
            0.07823199999999997,
            0.08682200000000001,
            0.13981500000000002,
            0.07687699999999997,
            0.022884000000000015,
            0.070571,
            0.091829,
            0.12103200000000003
        ],
        "Latin American": [
            -0.04549199999999998,
            0.12094800000000006,
            0.108518,
            0.04101400000000005,
            -0.04856499999999997,
            0.04468099999999997,
            0.09571299999999999,
            0.05205199999999999,
            0.14070899999999997,
            0.10784899999999997
        ],
        "Arab": [
            -0.15283399999999997,
            -0.223252,
            -0.146187,
            -0.12884599999999996,
            -0.20393499999999998,
            -0.202666,
            -0.077822,
            -0.15782400000000002,
            -0.09090900000000002,
            -0.126832
        ],
        "Unknown/Other": [
            -0.08538299999999999,
            -0.12089899999999998,
            -0.050885000000000014,
            -0.10581099999999999,
            -0.146723,
            -0.11002600000000001,
            -0.052176,
            -0.08043600000000001,
            -0.07380000000000003,
            -0.06573000000000001
        ]
    }
}