{
    "Demographic Parity": {
        "African American": [
            0.05128099999999999,
            0.031613,
            0.036647999999999986,
            0.056962999999999986,
            0.027758999999999978,
            0.034880999999999995,
            0.03475100000000003,
            0.033115000000000006,
            0.004309000000000007,
            0.036933999999999995
        ],
        "Asian": [
            0.07896499999999998,
            0.06384900000000002,
            0.06409900000000002,
            0.03279899999999997,
            0.06739099999999998,
            0.07375500000000001,
            0.035829,
            0.05789300000000003,
            0.055132000000000014,
            0.05319500000000002
        ],
        "Latin American": [
            0.008031999999999984,
            0.018694000000000016,
            -0.005437999999999998,
            0.017786999999999997,
            0.013582999999999956,
            0.004317000000000015,
            0.011707000000000023,
            0.014074000000000003,
            0.01532,
            0.007162000000000002
        ],
        "Arab": [
            0.010808999999999985,
            0.0006379999999999997,
            0.011228999999999989,
            -0.0002690000000000192,
            -0.001695000000000002,
            0.005706000000000017,
            -0.0021819999999999617,
            0.00018500000000001848,
            -0.013846999999999998,
            -0.005337999999999982
        ],
        "Unknown/Other": [
            0.011262999999999995,
            -0.016595,
            0.0027249999999999774,
            0.004266999999999993,
            -0.03310100000000002,
            -0.006311999999999984,
            -0.02077599999999996,
            -0.009225999999999984,
            -0.02507100000000001,
            -0.016221999999999986
        ]
    },
    "Equal Opportunity": {
        "African American": [
            0.132656,
            0.10501299999999991,
            0.10284500000000008,
            0.09823900000000008,
            0.03712700000000002,
            0.11056899999999992,
            0.027100000000000013,
            0.053929000000000005,
            0.011654000000000053,
            0.06720900000000007
        ],
        "Asian": [
            0.159895,
            0.16403099999999993,
            0.17165400000000008,
            0.08657800000000004,
            0.09115899999999999,
            0.19148500000000002,
            0.04704000000000008,
            0.11054300000000006,
            0.07307399999999997,
            0.12133000000000005
        ],
        "Latin American": [
            0.015278000000000014,
            0.06944399999999995,
            -0.012499999999999956,
            0.07638900000000004,
            0.07777699999999999,
            0.033333999999999975,
            -0.006944999999999979,
            0.030555,
            0.068056,
            0.019444000000000017
        ],
        "Arab": [
            -0.065079,
            -0.06746000000000008,
            -0.045238,
            -0.08730099999999996,
            -0.14841300000000002,
            -0.06190400000000007,
            -0.09920699999999993,
            -0.10634900000000003,
            -0.137301,
            -0.11746000000000001
        ],
        "Unknown/Other": [
            0.06750400000000001,
            0.046042999999999945,
            0.09566200000000002,
            0.05898100000000006,
            -0.002130999999999994,
            0.024200999999999917,
            0.0030440000000000467,
            0.048248999999999986,
            -0.004718,
            0.023440000000000016
        ]
    },
    "Predictive Parity": {
        "African American": [
            -0.09017900000000001,
            -0.08100800000000002,
            -0.09027199999999996,
            -0.11316800000000005,
            -0.09876499999999999,
            -0.07838099999999998,
            -0.11306399999999994,
            -0.11125200000000007,
            -0.08089399999999997,
            -0.10428799999999999
        ],
        "Asian": [
            0.06008099999999994,
            0.08929599999999993,
            0.09493499999999999,
            0.10053999999999996,
            0.04205599999999998,
            0.090646,
            0.06711,
            0.06352899999999995,
            0.04855000000000009,
            0.08335000000000004
        ],
        "Latin American": [
            0.047413999999999956,
            0.06794299999999998,
            0.06004900000000002,
            0.07289899999999994,
            0.07970999999999995,
            0.07354100000000008,
            0.02497400000000005,
            0.04638399999999998,
            0.07064000000000004,
            0.053064
        ],
        "Arab": [
            -0.13518800000000003,
            -0.12918600000000002,
            -0.13386199999999998,
            -0.12803900000000007,
            -0.153061,
            -0.13023299999999993,
            -0.12359699999999996,
            -0.14957900000000007,
            -0.13367199999999996,
            -0.14225499999999996
        ],
        "Unknown/Other": [
            -0.071552,
            -0.023923000000000028,
            -0.034313999999999956,
            -0.06358300000000006,
            -0.033897999999999984,
            -0.06421399999999994,
            -0.05477799999999994,
            -0.044496000000000036,
            -0.049911999999999956,
            -0.04614299999999999
        ]
    }
}