{
    "Demographic Parity": {
        "African American": [
            0.007543999999999995,
            -0.03300700000000001,
            -0.01675899999999997,
            -0.006447000000000008,
            -0.031640999999999975,
            -0.018948999999999994,
            -0.01714199999999999,
            -0.018396999999999997,
            -0.016230999999999995,
            -0.03304699999999999
        ],
        "Asian": [
            0.008060999999999985,
            0.0031849999999999934,
            -0.0047840000000000105,
            0.019954,
            0.01174200000000003,
            0.015934000000000004,
            0.017197000000000018,
            0.015683999999999976,
            0.019712000000000007,
            0.005025999999999975
        ],
        "Latin American": [
            -0.036078,
            -0.03503200000000001,
            -0.033333,
            -0.021135000000000015,
            -0.041906,
            -0.01759900000000003,
            -0.009855999999999976,
            -0.014300000000000035,
            -0.02693899999999999,
            -0.023363000000000023
        ],
        "Arab": [
            -0.03885500000000003,
            -0.030866000000000005,
            -0.04999999999999999,
            -0.05030200000000001,
            -0.057183999999999985,
            -0.042599,
            -0.03346699999999997,
            -0.04207800000000003,
            -0.05471699999999999,
            -0.05114100000000002
        ],
        "Unknown/Other": [
            -0.044411000000000034,
            -0.065219,
            -0.05169999999999997,
            -0.02751300000000001,
            -0.06341999999999998,
            -0.03715600000000002,
            -0.035961999999999994,
            -0.03811000000000003,
            -0.04020399999999999,
            -0.059418
        ]
    },
    "Equal Opportunity": {
        "African American": [
            0.01476999999999995,
            -0.07615099999999997,
            -0.020731999999999973,
            -0.006098000000000048,
            -0.04837400000000003,
            -0.026151000000000035,
            -0.053929000000000005,
            -0.026151000000000035,
            -0.04281800000000002,
            -0.04281800000000002
        ],
        "Asian": [
            0.022425000000000028,
            -0.012326999999999977,
            -0.010583999999999927,
            0.02372300000000005,
            -0.006448000000000009,
            0.008475999999999928,
            -0.0047040000000000415,
            0.008475999999999928,
            -0.00819100000000006,
            -0.0008920000000000039
        ],
        "Latin American": [
            0.015278000000000014,
            0.009723000000000037,
            0.004167000000000032,
            -0.08333299999999999,
            -0.004167000000000032,
            0.01805599999999996,
            0.031945,
            0.03888899999999995,
            0.0013889999999999736,
            0.0013889999999999736
        ],
        "Arab": [
            -0.088889,
            -0.130158,
            -0.17142899999999994,
            -0.21428599999999998,
            -0.17381000000000002,
            -0.18730100000000005,
            -0.14365099999999997,
            -0.15158700000000003,
            -0.20396800000000004,
            -0.20396800000000004
        ],
        "Unknown/Other": [
            0.024124999999999952,
            -0.06362199999999996,
            -0.014383999999999952,
            -0.010274000000000005,
            -0.04954400000000003,
            -0.013622000000000023,
            -0.014002999999999988,
            -0.013622000000000023,
            -0.03028900000000001,
            -0.03028900000000001
        ]
    },
    "Predictive Parity": {
        "African American": [
            -0.07115000000000005,
            -0.06995999999999997,
            -0.06223599999999996,
            -0.081897,
            -0.056338,
            -0.06537599999999999,
            -0.08417200000000002,
            -0.06573600000000002,
            -0.08090899999999995,
            -0.05042199999999997
        ],
        "Asian": [
            0.09241699999999997,
            0.08568500000000007,
            0.09601599999999999,
            0.08477000000000001,
            0.07513000000000003,
            0.07919500000000002,
            0.06765399999999999,
            0.07885299999999995,
            0.060489000000000015,
            0.09305600000000003
        ],
        "Latin American": [
            0.11253400000000002,
            0.12476100000000007,
            0.10720799999999997,
            0.04555399999999998,
            0.13934400000000002,
            0.10713400000000006,
            0.09626100000000004,
            0.11245499999999997,
            0.11909100000000006,
            0.10243100000000005
        ],
        "Arab": [
            -0.05970200000000003,
            -0.095022,
            -0.08968699999999996,
            -0.12735200000000002,
            -0.081395,
            -0.11713599999999996,
            -0.102636,
            -0.09394000000000002,
            -0.10590899999999998,
            -0.11159499999999994
        ],
        "Unknown/Other": [
            -0.012949000000000044,
            -0.019965999999999984,
            -0.020206999999999975,
            -0.04724399999999995,
            -0.008772000000000002,
            -0.034719,
            -0.03987299999999999,
            -0.033553000000000055,
            -0.039529999999999954,
            -0.002518999999999938
        ]
    }
}